{"graph": {"_type": "graph-file", "path": "media/graph/graph_summary_84eaa0fdaa835e444793.graph.json", "sha256": "84eaa0fdaa835e444793bf439ca8dd47f03854d983a12d425cbde719fa5db54e", "size": 1010}, "epoch": 49, "loss": 0.2613733112812042, "acc": 0.9051573276519775, "val_loss": 0.7503783106803894, "val_acc": 0.765098512172699, "_runtime": 2513, "_timestamp": 1635388103, "_step": 50, "best_val_loss": 0.5105643272399902, "best_epoch": 1, "Test Error Rate": 23.49, "_wandb": {"runtime": 1959}}